"","Date","Max.TemperatureF","Mean.TemperatureF","Min.TemperatureF","Max.Dew.PointF","MeanDew.PointF","Min.DewpointF","Max.Humidity","Mean.Humidity","Min.Humidity","Max.Sea.Level.PressureIn","Mean.Sea.Level.PressureIn","Min.Sea.Level.PressureIn","Max.VisibilityMiles","Mean.VisibilityMiles","Min.VisibilityMiles","Max.Wind.SpeedMPH","Mean.Wind.SpeedMPH","Max.Gust.SpeedMPH","PrecipitationIn","CloudCover","Events","WindDirDegrees.br...","city","season"
"1",1930-01-01,"64","54","45","","","","","","","","","","","","","","","","0.00","","","<br />","Atlanta (GA)","Winter"
"2",1930-01-02,"67","58","49","","","","","","","","","","","","","","","","1.05","","","<br />","Atlanta (GA)","Winter"
"3",1930-01-03,"54","42","31","","","","","","","","","","","","","","","","0.00","","","<br />","Atlanta (GA)","Winter"
"4",1930-01-04,"49","38","27","","","","","","","","","","","","","","","","0.00","","","<br />","Atlanta (GA)","Winter"
"5",1930-01-05,"49","41","33","","","","","","","","","","","","","","","","0.00","","","<br />","Atlanta (GA)","Winter"
"6",1930-01-06,"57","49","41","","","","","","","","","","","","","","","","0.00","","","<br />","Atlanta (GA)","Winter"
"7",1930-01-07,"63","55","47","","","","","","","","","","","","","","","","0.00","","","<br />","Atlanta (GA)","Winter"
"8",1930-01-08,"64","58","53","","","","","","","","","","","","","","","","0.00","","","<br />","Atlanta (GA)","Winter"
"9",1930-01-09,"71","62","52","","","","","","","","","","","","","","","","0.00","","","<br />","Atlanta (GA)","Winter"
"10",1930-01-10,"65","56","46","","","","","","","","","","","","","","","","0.00","","","<br />","Atlanta (GA)","Winter"
"11",1930-01-11,"58","50","43","","","","","","","","","","","","","","","","0.00","","","<br />","Atlanta (GA)","Winter"
"12",1930-01-12,"53","46","40","","","","","","","","","","","","","","","","0.00","","","<br />","Atlanta (GA)","Winter"
"13",1930-01-13,"57","53","49","","","","","","","","","","","","","","","","0.03","","","<br />","Atlanta (GA)","Winter"
"14",1930-01-14,"66","60","53","","","","","","","","","","","","","","","","0.44","","","<br />","Atlanta (GA)","Winter"
"15",1930-01-15,"60","50","40","","","","","","","","","","","","","","","","0.51","","","<br />","Atlanta (GA)","Winter"
"16",1930-01-16,"40","32","24","","","","","","","","","","","","","","","","0.00","","","<br />","Atlanta (GA)","Winter"
"17",1930-01-17,"37","30","23","","","","","","","","","","","","","","","","0.01","","","<br />","Atlanta (GA)","Winter"
"18",1930-01-18,"35","27","19","","","","","","","","","","","","","","","","0.26","","","<br />","Atlanta (GA)","Winter"
"19",1930-01-19,"39","27","15","","","","","","","","","","","","","","","","0.00","","","<br />","Atlanta (GA)","Winter"
"20",1930-01-20,"48","38","29","","","","","","","","","","","","","","","","0.00","","","<br />","Atlanta (GA)","Winter"
"21",1930-01-21,"43","40","36","","","","","","","","","","","","","","","","0.54","","","<br />","Atlanta (GA)","Winter"
"22",1930-01-22,"43","34","26","","","","","","","","","","","","","","","","0.17","","","<br />","Atlanta (GA)","Winter"
"23",1930-01-23,"32","25","18","","","","","","","","","","","","","","","","0.00","","","<br />","Atlanta (GA)","Winter"
"24",1930-01-24,"41","30","18","","","","","","","","","","","","","","","","0.00","","","<br />","Atlanta (GA)","Winter"
"25",1930-01-25,"42","34","26","","","","","","","","","","","","","","","","0.00","","","<br />","Atlanta (GA)","Winter"
"26",1930-01-26,"54","42","31","","","","","","","","","","","","","","","","0.00","","","<br />","Atlanta (GA)","Winter"
"27",1930-01-27,"48","45","42","","","","","","","","","","","","","","","","0.13","","","<br />","Atlanta (GA)","Winter"
"28",1930-01-28,"55","49","43","","","","","","","","","","","","","","","","1.06","","","<br />","Atlanta (GA)","Winter"
"29",1930-01-29,"43","35","27","","","","","","","","","","","","","","","","1.14","","","<br />","Atlanta (GA)","Winter"
"30",1930-01-30,"36","30","24","","","","","","","","","","","","","","","","0.01","","","<br />","Atlanta (GA)","Winter"
"31",1930-01-31,"45","36","26","","","","","","","","","","","","","","","","0.00","","","<br />","Atlanta (GA)","Winter"
"32",1930-02-01,"51","44","36","","","","","","","","","","","","","","","","0.00","","","<br />","Atlanta (GA)","Winter"
"33",1930-02-02,"58","50","42","","","","","","","","","","","","","","","","0.00","","","<br />","Atlanta (GA)","Winter"
"34",1930-02-03,"60","54","49","","","","","","","","","","","","","","","","0.01","","","<br />","Atlanta (GA)","Winter"
"35",1930-02-04,"66","58","50","","","","","","","","","","","","","","","","0.54","","","<br />","Atlanta (GA)","Winter"
"36",1930-02-05,"56","50","44","","","","","","","","","","","","","","","","0.00","","","<br />","Atlanta (GA)","Winter"
"37",1930-02-06,"59","48","38","","","","","","","","","","","","","","","","0.00","","","<br />","Atlanta (GA)","Winter"
"38",1930-02-07,"64","54","44","","","","","","","","","","","","","","","","0.00","","","<br />","Atlanta (GA)","Winter"
"39",1930-02-08,"49","42","35","","","","","","","","","","","","","","","","0.00","","","<br />","Atlanta (GA)","Winter"
"40",1930-02-09,"63","50","36","","","","","","","","","","","","","","","","0.00","","","<br />","Atlanta (GA)","Winter"
"41",1930-02-10,"54","46","37","","","","","","","","","","","","","","","","0.00","","","<br />","Atlanta (GA)","Winter"
"42",1930-02-11,"56","44","33","","","","","","","","","","","","","","","","0.00","","","<br />","Atlanta (GA)","Winter"
"43",1930-02-12,"62","50","38","","","","","","","","","","","","","","","","0.00","","","<br />","Atlanta (GA)","Winter"
"44",1930-02-13,"62","50","38","","","","","","","","","","","","","","","","0.26","","","<br />","Atlanta (GA)","Winter"
"45",1930-02-14,"59","46","33","","","","","","","","","","","","","","","","0.00","","","<br />","Atlanta (GA)","Winter"
"46",1930-02-15,"49","40","31","","","","","","","","","","","","","","","","0.08","","","<br />","Atlanta (GA)","Winter"
"47",1930-02-16,"43","34","24","","","","","","","","","","","","","","","","0.00","","","<br />","Atlanta (GA)","Winter"
"48",1930-02-17,"50","40","31","","","","","","","","","","","","","","","","0.00","","","<br />","Atlanta (GA)","Winter"
"49",1930-02-18,"62","50","39","","","","","","","","","","","","","","","","0.00","","","<br />","Atlanta (GA)","Winter"
"50",1930-02-19,"68","58","48","","","","","","","","","","","","","","","","0.00","","","<br />","Atlanta (GA)","Winter"
"51",1930-02-20,"68","61","54","","","","","","","","","","","","","","","","0.00","","","<br />","Atlanta (GA)","Winter"
"52",1930-02-21,"70","63","56","","","","","","","","","","","","","","","","0.00","","","<br />","Atlanta (GA)","Winter"
"53",1930-02-22,"69","60","52","","","","","","","","","","","","","","","","0.00","","","<br />","Atlanta (GA)","Winter"
"54",1930-02-23,"70","62","55","","","","","","","","","","","","","","","","0.00","","","<br />","Atlanta (GA)","Winter"
"55",1930-02-24,"76","67","58","","","","","","","","","","","","","","","","0.00","","","<br />","Atlanta (GA)","Winter"
"56",1930-02-25,"77","66","56","","","","","","","","","","","","","","","","0.00","","","<br />","Atlanta (GA)","Winter"
"57",1930-02-26,"69","58","46","","","","","","","","","","","","","","","","0.09","","","<br />","Atlanta (GA)","Winter"
"58",1930-02-27,"66","54","41","","","","","","","","","","","","","","","","0.00","","","<br />","Atlanta (GA)","Winter"
"59",1930-02-28,"57","52","47","","","","","","","","","","","","","","","","0.04","","","<br />","Atlanta (GA)","Winter"
"60",1930-03-01,"55","50","45","","","","","","","","","","","","","","","","0.07","","","<br />","Atlanta (GA)","Winter"
"61",1930-03-02,"45","35","25","","","","","","","","","","","","","","","","0.00","","","<br />","Atlanta (GA)","Winter"
"62",1930-03-03,"39","30","21","","","","","","","","","","","","","","","","0.00","","","<br />","Atlanta (GA)","Winter"
"63",1930-03-04,"50","39","28","","","","","","","","","","","","","","","","0.00","","","<br />","Atlanta (GA)","Winter"
"64",1930-03-05,"57","46","35","","","","","","","","","","","","","","","","0.00","","","<br />","Atlanta (GA)","Winter"
"65",1930-03-06,"54","50","47","","","","","","","","","","","","","","","","1.62","","","<br />","Atlanta (GA)","Winter"
"66",1930-03-07,"65","56","46","","","","","","","","","","","","","","","","1.07","","","<br />","Atlanta (GA)","Winter"
"67",1930-03-08,"52","46","39","","","","","","","","","","","","","","","","0.00","","","<br />","Atlanta (GA)","Winter"
"68",1930-03-09,"56","45","34","","","","","","","","","","","","","","","","0.00","","","<br />","Atlanta (GA)","Winter"
"69",1930-03-10,"64","54","45","","","","","","","","","","","","","","","","0.00","","","<br />","Atlanta (GA)","Winter"
"70",1930-03-11,"59","51","43","","","","","","","","","","","","","","","","0.21","","","<br />","Atlanta (GA)","Winter"
"71",1930-03-12,"58","48","37","","","","","","","","","","","","","","","","0.00","","","<br />","Atlanta (GA)","Winter"
"72",1930-03-13,"68","58","47","","","","","","","","","","","","","","","","0.00","","","<br />","Atlanta (GA)","Winter"
"73",1930-03-14,"63","58","54","","","","","","","","","","","","","","","","0.00","","","<br />","Atlanta (GA)","Winter"
"74",1930-03-15,"57","52","48","","","","","","","","","","","","","","","","0.00","","","<br />","Atlanta (GA)","Winter"
"75",1930-03-16,"68","58","47","","","","","","","","","","","","","","","","0.00","","","<br />","Atlanta (GA)","Winter"
"76",1930-03-17,"66","60","55","","","","","","","","","","","","","","","","0.18","","","<br />","Atlanta (GA)","Winter"
"77",1930-03-18,"67","63","59","","","","","","","","","","","","","","","","0.43","","","<br />","Atlanta (GA)","Winter"
"78",1930-03-19,"60","50","39","","","","","","","","","","","","","","","","0.55","","","<br />","Atlanta (GA)","Winter"
"79",1930-03-20,"61","48","35","","","","","","","","","","","","","","","","0.00","","","<br />","Atlanta (GA)","Spring"
"80",1930-03-21,"70","59","48","","","","","","","","","","","","","","","","0.00","","","<br />","Atlanta (GA)","Spring"
"81",1930-03-22,"58","52","45","","","","","","","","","","","","","","","","0.00","","","<br />","Atlanta (GA)","Spring"
"82",1930-03-23,"56","48","41","","","","","","","","","","","","","","","","0.00","","","<br />","Atlanta (GA)","Spring"
"83",1930-03-24,"65","56","47","","","","","","","","","","","","","","","","0.04","","","<br />","Atlanta (GA)","Spring"
"84",1930-03-25,"52","45","38","","","","","","","","","","","","","","","","0.17","","","<br />","Atlanta (GA)","Spring"
"85",1930-03-26,"46","40","34","","","","","","","","","","","","","","","","0.00","","","<br />","Atlanta (GA)","Spring"
"86",1930-03-27,"52","44","35","","","","","","","","","","","","","","","","0.00","","","<br />","Atlanta (GA)","Spring"
"87",1930-03-28,"48","44","41","","","","","","","","","","","","","","","","0.00","","","<br />","Atlanta (GA)","Spring"
"88",1930-03-29,"53","45","37","","","","","","","","","","","","","","","","0.00","","","<br />","Atlanta (GA)","Spring"
"89",1930-03-30,"55","47","39","","","","","","","","","","","","","","","","0.00","","","<br />","Atlanta (GA)","Spring"
"90",1930-03-31,"62","52","41","","","","","","","","","","","","","","","","0.00","","","<br />","Atlanta (GA)","Spring"
"91",1930-04-01,"67","58","48","","","","","","","","","","","","","","","","0.00","","","<br />","Atlanta (GA)","Spring"
"92",1930-04-02,"64","58","52","","","","","","","","","","","","","","","","0.02","","","<br />","Atlanta (GA)","Spring"
"93",1930-04-03,"70","63","56","","","","","","","","","","","","","","","","0.65","","","<br />","Atlanta (GA)","Spring"
"94",1930-04-04,"68","59","50","","","","","","","","","","","","","","","","0.00","","","<br />","Atlanta (GA)","Spring"
"95",1930-04-05,"62","58","53","","","","","","","","","","","","","","","","0.54","","","<br />","Atlanta (GA)","Spring"
"96",1930-04-06,"66","58","49","","","","","","","","","","","","","","","","0.04","","","<br />","Atlanta (GA)","Spring"
"97",1930-04-07,"75","63","51","","","","","","","","","","","","","","","","0.00","","","<br />","Atlanta (GA)","Spring"
"98",1930-04-08,"63","54","44","","","","","","","","","","","","","","","","0.00","","","<br />","Atlanta (GA)","Spring"
"99",1930-04-09,"71","57","43","","","","","","","","","","","","","","","","0.00","","","<br />","Atlanta (GA)","Spring"
"100",1930-04-10,"78","68","59","","","","","","","","","","","","","","","","0.00","","","<br />","Atlanta (GA)","Spring"
"101",1930-04-11,"81","70","59","","","","","","","","","","","","","","","","0.00","","","<br />","Atlanta (GA)","Spring"
"102",1930-04-12,"85","74","63","","","","","","","","","","","","","","","","0.00","","","<br />","Atlanta (GA)","Spring"
"103",1930-04-13,"83","74","64","","","","","","","","","","","","","","","","0.00","","","<br />","Atlanta (GA)","Spring"
"104",1930-04-14,"81","71","61","","","","","","","","","","","","","","","","0.00","","","<br />","Atlanta (GA)","Spring"
"105",1930-04-15,"82","72","62","","","","","","","","","","","","","","","","0.00","","","<br />","Atlanta (GA)","Spring"
"106",1930-04-16,"80","70","61","","","","","","","","","","","","","","","","0.00","","","<br />","Atlanta (GA)","Spring"
"107",1930-04-17,"79","70","62","","","","","","","","","","","","","","","","0.03","","","<br />","Atlanta (GA)","Spring"
"108",1930-04-18,"67","62","58","","","","","","","","","","","","","","","","0.12","","","<br />","Atlanta (GA)","Spring"
"109",1930-04-19,"70","61","52","","","","","","","","","","","","","","","","0.00","","","<br />","Atlanta (GA)","Spring"
"110",1930-04-20,"72","61","50","","","","","","","","","","","","","","","","0.00","","","<br />","Atlanta (GA)","Spring"
"111",1930-04-21,"78","66","55","","","","","","","","","","","","","","","","0.00","","","<br />","Atlanta (GA)","Spring"
"112",1930-04-22,"77","64","51","","","","","","","","","","","","","","","","0.00","","","<br />","Atlanta (GA)","Spring"
"113",1930-04-23,"72","60","49","","","","","","","","","","","","","","","","0.00","","","<br />","Atlanta (GA)","Spring"
"114",1930-04-24,"62","53","44","","","","","","","","","","","","","","","","0.00","","","<br />","Atlanta (GA)","Spring"
"115",1930-04-25,"66","56","45","","","","","","","","","","","","","","","","0.00","","","<br />","Atlanta (GA)","Spring"
"116",1930-04-26,"69","58","46","","","","","","","","","","","","","","","","0.00","","","<br />","Atlanta (GA)","Spring"
"117",1930-04-27,"68","60","51","","","","","","","","","","","","","","","","0.00","","","<br />","Atlanta (GA)","Spring"
"118",1930-04-28,"79","69","59","","","","","","","","","","","","","","","","0.00","","","<br />","Atlanta (GA)","Spring"
"119",1930-04-29,"78","69","60","","","","","","","","","","","","","","","","0.00","","","<br />","Atlanta (GA)","Spring"
"120",1930-04-30,"77","68","60","","","","","","","","","","","","","","","","0.00","","","<br />","Atlanta (GA)","Spring"
"121",1930-05-01,"80","70","61","","","","","","","","","","","","","","","","0.00","","","<br />","Atlanta (GA)","Spring"
"122",1930-05-02,"82","72","63","","","","","","","","","","","","","","","","0.00","","","<br />","Atlanta (GA)","Spring"
"123",1930-05-03,"85","74","62","","","","","","","","","","","","","","","","0.55","","","<br />","Atlanta (GA)","Spring"
"124",1930-05-04,"85","73","61","","","","","","","","","","","","","","","","0.00","","","<br />","Atlanta (GA)","Spring"
"125",1930-05-05,"88","76","63","","","","","","","","","","","","","","","","0.00","","","<br />","Atlanta (GA)","Spring"
"126",1930-05-06,"86","76","67","","","","","","","","","","","","","","","","0.00","","","<br />","Atlanta (GA)","Spring"
"127",1930-05-07,"80","72","65","","","","","","","","","","","","","","","","0.00","","","<br />","Atlanta (GA)","Spring"
"128",1930-05-08,"83","74","66","","","","","","","","","","","","","","","","0.03","","","<br />","Atlanta (GA)","Spring"
"129",1930-05-09,"73","68","64","","","","","","","","","","","","","","","","0.23","","","<br />","Atlanta (GA)","Spring"
"130",1930-05-10,"79","73","67","","","","","","","","","","","","","","","","0.00","","","<br />","Atlanta (GA)","Spring"
"131",1930-05-11,"79","73","67","","","","","","","","","","","","","","","","0.14","","","<br />","Atlanta (GA)","Spring"
"132",1930-05-12,"80","71","62","","","","","","","","","","","","","","","","0.53","","","<br />","Atlanta (GA)","Spring"
"133",1930-05-13,"75","68","60","","","","","","","","","","","","","","","","0.50","","","<br />","Atlanta (GA)","Spring"
"134",1930-05-14,"75","68","61","","","","","","","","","","","","","","","","0.89","","","<br />","Atlanta (GA)","Spring"
"135",1930-05-15,"77","66","56","","","","","","","","","","","","","","","","0.00","","","<br />","Atlanta (GA)","Spring"
"136",1930-05-16,"74","68","62","","","","","","","","","","","","","","","","0.31","","","<br />","Atlanta (GA)","Spring"
"137",1930-05-17,"76","69","62","","","","","","","","","","","","","","","","2.00","","","<br />","Atlanta (GA)","Spring"
"138",1930-05-18,"82","74","65","","","","","","","","","","","","","","","","0.01","","","<br />","Atlanta (GA)","Spring"
"139",1930-05-19,"74","69","64","","","","","","","","","","","","","","","","0.57","","","<br />","Atlanta (GA)","Spring"
"140",1930-05-20,"77","69","61","","","","","","","","","","","","","","","","0.00","","","<br />","Atlanta (GA)","Spring"
"141",1930-05-21,"79","68","56","","","","","","","","","","","","","","","","0.00","","","<br />","Atlanta (GA)","Spring"
"142",1930-05-22,"81","72","64","","","","","","","","","","","","","","","","0.33","","","<br />","Atlanta (GA)","Spring"
"143",1930-05-23,"79","72","65","","","","","","","","","","","","","","","","0.35","","","<br />","Atlanta (GA)","Spring"
"144",1930-05-24,"72","64","57","","","","","","","","","","","","","","","","0.06","","","<br />","Atlanta (GA)","Spring"
"145",1930-05-25,"75","64","54","","","","","","","","","","","","","","","","0.00","","","<br />","Atlanta (GA)","Spring"
"146",1930-05-26,"79","68","58","","","","","","","","","","","","","","","","0.00","","","<br />","Atlanta (GA)","Spring"
"147",1930-05-27,"82","74","66","","","","","","","","","","","","","","","","0.00","","","<br />","Atlanta (GA)","Spring"
"148",1930-05-28,"83","74","65","","","","","","","","","","","","","","","","0.00","","","<br />","Atlanta (GA)","Spring"
"149",1930-05-29,"80","74","67","","","","","","","","","","","","","","","","0.00","","","<br />","Atlanta (GA)","Spring"
"150",1930-05-30,"74","65","56","","","","","","","","","","","","","","","","0.00","","","<br />","Atlanta (GA)","Spring"
"151",1930-05-31,"75","64","53","","","","","","","","","","","","","","","","0.00","","","<br />","Atlanta (GA)","Spring"
"152",1930-06-01,"79","68","56","","","","","","","","","","","","","","","","0.00","","","<br />","Atlanta (GA)","Spring"
"153",1930-06-02,"82","71","60","","","","","","","","","","","","","","","","0.00","","","<br />","Atlanta (GA)","Spring"
"154",1930-06-03,"82","72","61","","","","","","","","","","","","","","","","0.00","","","<br />","Atlanta (GA)","Spring"
"155",1930-06-04,"76","69","62","","","","","","","","","","","","","","","","0.17","","","<br />","Atlanta (GA)","Spring"
"156",1930-06-05,"77","72","67","","","","","","","","","","","","","","","","0.10","","","<br />","Atlanta (GA)","Spring"
"157",1930-06-06,"78","72","66","","","","","","","","","","","","","","","","0.55","","","<br />","Atlanta (GA)","Spring"
"158",1930-06-07,"76","69","62","","","","","","","","","","","","","","","","0.00","","","<br />","Atlanta (GA)","Spring"
"159",1930-06-08,"73","64","55","","","","","","","","","","","","","","","","0.00","","","<br />","Atlanta (GA)","Spring"
"160",1930-06-09,"74","64","53","","","","","","","","","","","","","","","","0.00","","","<br />","Atlanta (GA)","Spring"
"161",1930-06-10,"80","69","58","","","","","","","","","","","","","","","","0.00","","","<br />","Atlanta (GA)","Spring"
"162",1930-06-11,"80","71","62","","","","","","","","","","","","","","","","0.00","","","<br />","Atlanta (GA)","Spring"
"163",1930-06-12,"79","71","63","","","","","","","","","","","","","","","","0.00","","","<br />","Atlanta (GA)","Spring"
"164",1930-06-13,"76","69","62","","","","","","","","","","","","","","","","0.12","","","<br />","Atlanta (GA)","Spring"
"165",1930-06-14,"82","74","65","","","","","","","","","","","","","","","","0.00","","","<br />","Atlanta (GA)","Spring"
"166",1930-06-15,"82","74","66","","","","","","","","","","","","","","","","0.03","","","<br />","Atlanta (GA)","Spring"
"167",1930-06-16,"79","72","65","","","","","","","","","","","","","","","","0.01","","","<br />","Atlanta (GA)","Spring"
"168",1930-06-17,"83","74","66","","","","","","","","","","","","","","","","0.17","","","<br />","Atlanta (GA)","Spring"
"169",1930-06-18,"87","77","67","","","","","","","","","","","","","","","","0.00","","","<br />","Atlanta (GA)","Spring"
"170",1930-06-19,"91","80","68","","","","","","","","","","","","","","","","0.00","","","<br />","Atlanta (GA)","Spring"
"171",1930-06-20,"92","82","71","","","","","","","","","","","","","","","","0.00","","","<br />","Atlanta (GA)","Spring"
"172",1930-06-21,"92","83","74","","","","","","","","","","","","","","","","0.09","","","<br />","Atlanta (GA)","Summer"
"173",1930-06-22,"92","82","71","","","","","","","","","","","","","","","","0.00","","","<br />","Atlanta (GA)","Summer"
"174",1930-06-23,"99","87","75","","","","","","","","","","","","","","","","0.00","","","<br />","Atlanta (GA)","Summer"
"175",1930-06-24,"99","88","78","","","","","","","","","","","","","","","","0.01","","","<br />","Atlanta (GA)","Summer"
"176",1930-06-25,"97","86","75","","","","","","","","","","","","","","","","0.00","","","<br />","Atlanta (GA)","Summer"
"177",1930-06-26,"95","82","68","","","","","","","","","","","","","","","","0.19","","","<br />","Atlanta (GA)","Summer"
"178",1930-06-27,"87","80","72","","","","","","","","","","","","","","","","0.00","","","<br />","Atlanta (GA)","Summer"
"179",1930-06-28,"89","79","69","","","","","","","","","","","","","","","","0.00","","","<br />","Atlanta (GA)","Summer"
"180",1930-06-29,"92","81","70","","","","","","","","","","","","","","","","0.00","","","<br />","Atlanta (GA)","Summer"
"181",1930-06-30,"88","78","67","","","","","","","","","","","","","","","","0.00","","","<br />","Atlanta (GA)","Summer"
"182",1930-07-01,"87","77","67","","","","","","","","","","","","","","","","0.00","","","<br />","Atlanta (GA)","Summer"
"183",1930-07-02,"83","76","68","","","","","","","","","","","","","","","","0.00","","","<br />","Atlanta (GA)","Summer"
"184",1930-07-03,"87","76","65","","","","","","","","","","","","","","","","0.00","","","<br />","Atlanta (GA)","Summer"
"185",1930-07-04,"92","80","67","","","","","","","","","","","","","","","","0.00","","","<br />","Atlanta (GA)","Summer"
"186",1930-07-05,"94","81","68","","","","","","","","","","","","","","","","0.00","","","<br />","Atlanta (GA)","Summer"
"187",1930-07-06,"96","85","74","","","","","","","","","","","","","","","","0.00","","","<br />","Atlanta (GA)","Summer"
"188",1930-07-07,"97","86","75","","","","","","","","","","","","","","","","0.00","","","<br />","Atlanta (GA)","Summer"
"189",1930-07-08,"96","85","74","","","","","","","","","","","","","","","","0.00","","","<br />","Atlanta (GA)","Summer"
"190",1930-07-09,"100","88","75","","","","","","","","","","","","","","","","0.00","","","<br />","Atlanta (GA)","Summer"
"191",1930-07-10,"100","89","78","","","","","","","","","","","","","","","","0.00","","","<br />","Atlanta (GA)","Summer"
"192",1930-07-11,"94","84","74","","","","","","","","","","","","","","","","0.00","","","<br />","Atlanta (GA)","Summer"
"193",1930-07-12,"103","88","73","","","","","","","","","","","","","","","","0.00","","","<br />","Atlanta (GA)","Summer"
"194",1930-07-13,"101","87","73","","","","","","","","","","","","","","","","0.05","","","<br />","Atlanta (GA)","Summer"
"195",1930-07-14,"90","80","70","","","","","","","","","","","","","","","","0.29","","","<br />","Atlanta (GA)","Summer"
"196",1930-07-15,"73","69","65","","","","","","","","","","","","","","","","0.66","","","<br />","Atlanta (GA)","Summer"
"197",1930-07-16,"72","68","64","","","","","","","","","","","","","","","","0.00","","","<br />","Atlanta (GA)","Summer"
"198",1930-07-17,"81","74","66","","","","","","","","","","","","","","","","0.00","","","<br />","Atlanta (GA)","Summer"
"199",1930-07-18,"85","76","68","","","","","","","","","","","","","","","","0.00","","","<br />","Atlanta (GA)","Summer"
"200",1930-07-19,"91","81","71","","","","","","","","","","","","","","","","0.03","","","<br />","Atlanta (GA)","Summer"
"201",1930-07-20,"90","80","71","","","","","","","","","","","","","","","","0.00","","","<br />","Atlanta (GA)","Summer"
"202",1930-07-21,"91","82","73","","","","","","","","","","","","","","","","0.00","","","<br />","Atlanta (GA)","Summer"
"203",1930-07-22,"91","83","75","","","","","","","","","","","","","","","","0.01","","","<br />","Atlanta (GA)","Summer"
"204",1930-07-23,"94","83","72","","","","","","","","","","","","","","","","0.17","","","<br />","Atlanta (GA)","Summer"
"205",1930-07-24,"89","80","70","","","","","","","","","","","","","","","","0.13","","","<br />","Atlanta (GA)","Summer"
"206",1930-07-25,"90","80","71","","","","","","","","","","","","","","","","0.00","","","<br />","Atlanta (GA)","Summer"
"207",1930-07-26,"95","84","73","","","","","","","","","","","","","","","","0.00","","","<br />","Atlanta (GA)","Summer"
"208",1930-07-27,"93","83","73","","","","","","","","","","","","","","","","0.00","","","<br />","Atlanta (GA)","Summer"
"209",1930-07-28,"94","84","75","","","","","","","","","","","","","","","","0.14","","","<br />","Atlanta (GA)","Summer"
"210",1930-07-29,"95","85","75","","","","","","","","","","","","","","","","0.00","","","<br />","Atlanta (GA)","Summer"
"211",1930-07-30,"95","84","73","","","","","","","","","","","","","","","","0.00","","","<br />","Atlanta (GA)","Summer"
"212",1930-07-31,"93","82","72","","","","","","","","","","","","","","","","0.00","","","<br />","Atlanta (GA)","Summer"
"213",1930-08-01,"89","80","71","","","","","","","","","","","","","","","","0.14","","","<br />","Atlanta (GA)","Summer"
"214",1930-08-02,"88","78","69","","","","","","","","","","","","","","","","0.00","","","<br />","Atlanta (GA)","Summer"
"215",1930-08-03,"89","81","73","","","","","","","","","","","","","","","","0.00","","","<br />","Atlanta (GA)","Summer"
"216",1930-08-04,"91","82","72","","","","","","","","","","","","","","","","0.00","","","<br />","Atlanta (GA)","Summer"
"217",1930-08-05,"95","84","73","","","","","","","","","","","","","","","","0.00","","","<br />","Atlanta (GA)","Summer"
"218",1930-08-06,"98","87","76","","","","","","","","","","","","","","","","0.03","","","<br />","Atlanta (GA)","Summer"
"219",1930-08-07,"96","86","77","","","","","","","","","","","","","","","","0.00","","","<br />","Atlanta (GA)","Summer"
"220",1930-08-08,"95","84","74","","","","","","","","","","","","","","","","0.02","","","<br />","Atlanta (GA)","Summer"
"221",1930-08-09,"92","81","70","","","","","","","","","","","","","","","","0.00","","","<br />","Atlanta (GA)","Summer"
"222",1930-08-10,"90","81","72","","","","","","","","","","","","","","","","0.00","","","<br />","Atlanta (GA)","Summer"
"223",1930-08-11,"87","80","72","","","","","","","","","","","","","","","","0.00","","","<br />","Atlanta (GA)","Summer"
"224",1930-08-12,"87","79","71","","","","","","","","","","","","","","","","0.00","","","<br />","Atlanta (GA)","Summer"
"225",1930-08-13,"84","76","69","","","","","","","","","","","","","","","","0.00","","","<br />","Atlanta (GA)","Summer"
"226",1930-08-14,"78","73","68","","","","","","","","","","","","","","","","0.04","","","<br />","Atlanta (GA)","Summer"
"227",1930-08-15,"86","78","69","","","","","","","","","","","","","","","","0.02","","","<br />","Atlanta (GA)","Summer"
"228",1930-08-16,"91","80","70","","","","","","","","","","","","","","","","0.00","","","<br />","Atlanta (GA)","Summer"
"229",1930-08-17,"91","82","73","","","","","","","","","","","","","","","","0.01","","","<br />","Atlanta (GA)","Summer"
"230",1930-08-18,"85","78","70","","","","","","","","","","","","","","","","0.00","","","<br />","Atlanta (GA)","Summer"
"231",1930-08-19,"84","78","71","","","","","","","","","","","","","","","","0.00","","","<br />","Atlanta (GA)","Summer"
"232",1930-08-20,"84","78","71","","","","","","","","","","","","","","","","0.00","","","<br />","Atlanta (GA)","Summer"
"233",1930-08-21,"81","70","60","","","","","","","","","","","","","","","","0.63","","","<br />","Atlanta (GA)","Summer"
"234",1930-08-22,"76","66","57","","","","","","","","","","","","","","","","0.00","","","<br />","Atlanta (GA)","Summer"
"235",1930-08-23,"77","68","59","","","","","","","","","","","","","","","","0.00","","","<br />","Atlanta (GA)","Summer"
"236",1930-08-24,"84","75","66","","","","","","","","","","","","","","","","0.00","","","<br />","Atlanta (GA)","Summer"
"237",1930-08-25,"87","76","66","","","","","","","","","","","","","","","","0.00","","","<br />","Atlanta (GA)","Summer"
"238",1930-08-26,"89","80","70","","","","","","","","","","","","","","","","0.00","","","<br />","Atlanta (GA)","Summer"
"239",1930-08-27,"87","78","68","","","","","","","","","","","","","","","","0.00","","","<br />","Atlanta (GA)","Summer"
"240",1930-08-28,"90","80","71","","","","","","","","","","","","","","","","0.00","","","<br />","Atlanta (GA)","Summer"
"241",1930-08-29,"93","82","72","","","","","","","","","","","","","","","","0.00","","","<br />","Atlanta (GA)","Summer"
"242",1930-08-30,"89","81","73","","","","","","","","","","","","","","","","0.07","","","<br />","Atlanta (GA)","Summer"
"243",1930-08-31,"90","82","73","","","","","","","","","","","","","","","","0.00","","","<br />","Atlanta (GA)","Summer"
"244",1930-09-01,"92","82","72","","","","","","","","","","","","","","","","0.00","","","<br />","Atlanta (GA)","Summer"
"245",1930-09-02,"91","82","72","","","","","","","","","","","","","","","","0.00","","","<br />","Atlanta (GA)","Summer"
"246",1930-09-03,"91","82","72","","","","","","","","","","","","","","","","0.00","","","<br />","Atlanta (GA)","Summer"
"247",1930-09-04,"89","78","68","","","","","","","","","","","","","","","","0.41","","","<br />","Atlanta (GA)","Summer"
"248",1930-09-05,"88","78","69","","","","","","","","","","","","","","","","0.04","","","<br />","Atlanta (GA)","Summer"
"249",1930-09-06,"88","78","68","","","","","","","","","","","","","","","","0.00","","","<br />","Atlanta (GA)","Summer"
"250",1930-09-07,"90","80","71","","","","","","","","","","","","","","","","0.00","","","<br />","Atlanta (GA)","Summer"
"251",1930-09-08,"92","82","73","","","","","","","","","","","","","","","","0.00","","","<br />","Atlanta (GA)","Summer"
"252",1930-09-09,"91","82","72","","","","","","","","","","","","","","","","0.39","","","<br />","Atlanta (GA)","Summer"
"253",1930-09-10,"80","76","71","","","","","","","","","","","","","","","","0.04","","","<br />","Atlanta (GA)","Summer"
"254",1930-09-11,"80","76","71","","","","","","","","","","","","","","","","0.17","","","<br />","Atlanta (GA)","Summer"
"255",1930-09-12,"84","77","70","","","","","","","","","","","","","","","","0.15","","","<br />","Atlanta (GA)","Summer"
"256",1930-09-13,"84","76","68","","","","","","","","","","","","","","","","0.00","","","<br />","Atlanta (GA)","Summer"
"257",1930-09-14,"88","79","70","","","","","","","","","","","","","","","","0.00","","","<br />","Atlanta (GA)","Summer"
"258",1930-09-15,"79","74","68","","","","","","","","","","","","","","","","0.68","","","<br />","Atlanta (GA)","Summer"
"259",1930-09-16,"73","69","65","","","","","","","","","","","","","","","","0.71","","","<br />","Atlanta (GA)","Summer"
"260",1930-09-17,"80","72","65","","","","","","","","","","","","","","","","0.00","","","<br />","Atlanta (GA)","Summer"
"261",1930-09-18,"75","70","65","","","","","","","","","","","","","","","","0.15","","","<br />","Atlanta (GA)","Summer"
"262",1930-09-19,"78","72","65","","","","","","","","","","","","","","","","0.01","","","<br />","Atlanta (GA)","Summer"
"263",1930-09-20,"72","69","66","","","","","","","","","","","","","","","","0.52","","","<br />","Atlanta (GA)","Summer"
"264",1930-09-21,"81","74","66","","","","","","","","","","","","","","","","0.00","","","<br />","Atlanta (GA)","Summer"
"265",1930-09-22,"87","79","71","","","","","","","","","","","","","","","","0.00","","","<br />","Atlanta (GA)","Summer"
"266",1930-09-23,"86","80","73","","","","","","","","","","","","","","","","0.00","","","<br />","Atlanta (GA)","Autumn"
"267",1930-09-24,"87","80","72","","","","","","","","","","","","","","","","0.20","","","<br />","Atlanta (GA)","Autumn"
"268",1930-09-25,"87","80","72","","","","","","","","","","","","","","","","0.00","","","<br />","Atlanta (GA)","Autumn"
"269",1930-09-26,"83","75","67","","","","","","","","","","","","","","","","0.02","","","<br />","Atlanta (GA)","Autumn"
"270",1930-09-27,"73","65","57","","","","","","","","","","","","","","","","0.00","","","<br />","Atlanta (GA)","Autumn"
"271",1930-09-28,"82","69","56","","","","","","","","","","","","","","","","0.00","","","<br />","Atlanta (GA)","Autumn"
"272",1930-09-29,"69","66","62","","","","","","","","","","","","","","","","0.03","","","<br />","Atlanta (GA)","Autumn"
"273",1930-09-30,"81","70","59","","","","","","","","","","","","","","","","0.00","","","<br />","Atlanta (GA)","Autumn"
"274",1930-10-01,"76","66","56","","","","","","","","","","","","","","","","0.00","","","<br />","Atlanta (GA)","Autumn"
"275",1930-10-02,"70","61","52","","","","","","","","","","","","","","","","0.00","","","<br />","Atlanta (GA)","Autumn"
"276",1930-10-03,"76","66","55","","","","","","","","","","","","","","","","0.00","","","<br />","Atlanta (GA)","Autumn"
"277",1930-10-04,"78","68","59","","","","","","","","","","","","","","","","0.00","","","<br />","Atlanta (GA)","Autumn"
"278",1930-10-05,"76","68","60","","","","","","","","","","","","","","","","0.00","","","<br />","Atlanta (GA)","Autumn"
"279",1930-10-06,"73","65","57","","","","","","","","","","","","","","","","0.00","","","<br />","Atlanta (GA)","Autumn"
"280",1930-10-07,"73","65","57","","","","","","","","","","","","","","","","0.00","","","<br />","Atlanta (GA)","Autumn"
"281",1930-10-08,"66","64","62","","","","","","","","","","","","","","","","0.34","","","<br />","Atlanta (GA)","Autumn"
"282",1930-10-09,"67","65","63","","","","","","","","","","","","","","","","0.14","","","<br />","Atlanta (GA)","Autumn"
"283",1930-10-10,"78","72","65","","","","","","","","","","","","","","","","0.02","","","<br />","Atlanta (GA)","Autumn"
"284",1930-10-11,"77","70","62","","","","","","","","","","","","","","","","0.00","","","<br />","Atlanta (GA)","Autumn"
"285",1930-10-12,"75","67","59","","","","","","","","","","","","","","","","0.00","","","<br />","Atlanta (GA)","Autumn"
"286",1930-10-13,"77","68","58","","","","","","","","","","","","","","","","0.00","","","<br />","Atlanta (GA)","Autumn"
"287",1930-10-14,"76","68","59","","","","","","","","","","","","","","","","0.00","","","<br />","Atlanta (GA)","Autumn"
"288",1930-10-15,"78","70","61","","","","","","","","","","","","","","","","0.00","","","<br />","Atlanta (GA)","Autumn"
"289",1930-10-16,"79","70","61","","","","","","","","","","","","","","","","0.00","","","<br />","Atlanta (GA)","Autumn"
"290",1930-10-17,"76","63","50","","","","","","","","","","","","","","","","0.00","","","<br />","Atlanta (GA)","Autumn"
"291",1930-10-18,"58","51","44","","","","","","","","","","","","","","","","0.00","","","<br />","Atlanta (GA)","Autumn"
"292",1930-10-19,"65","53","41","","","","","","","","","","","","","","","","0.00","","","<br />","Atlanta (GA)","Autumn"
"293",1930-10-20,"63","54","45","","","","","","","","","","","","","","","","0.00","","","<br />","Atlanta (GA)","Autumn"
"294",1930-10-21,"60","50","40","","","","","","","","","","","","","","","","0.00","","","<br />","Atlanta (GA)","Autumn"
"295",1930-10-22,"60","51","42","","","","","","","","","","","","","","","","0.00","","","<br />","Atlanta (GA)","Autumn"
"296",1930-10-23,"63","55","47","","","","","","","","","","","","","","","","0.00","","","<br />","Atlanta (GA)","Autumn"
"297",1930-10-24,"56","51","46","","","","","","","","","","","","","","","","0.01","","","<br />","Atlanta (GA)","Autumn"
"298",1930-10-25,"61","50","38","","","","","","","","","","","","","","","","0.00","","","<br />","Atlanta (GA)","Autumn"
"299",1930-10-26,"67","54","41","","","","","","","","","","","","","","","","0.00","","","<br />","Atlanta (GA)","Autumn"
"300",1930-10-27,"71","60","48","","","","","","","","","","","","","","","","0.00","","","<br />","Atlanta (GA)","Autumn"
"301",1930-10-28,"64","62","60","","","","","","","","","","","","","","","","0.60","","","<br />","Atlanta (GA)","Autumn"
"302",1930-10-29,"61","54","46","","","","","","","","","","","","","","","","0.14","","","<br />","Atlanta (GA)","Autumn"
"303",1930-10-30,"56","48","39","","","","","","","","","","","","","","","","0.00","","","<br />","Atlanta (GA)","Autumn"
"304",1930-10-31,"42","37","32","","","","","","","","","","","","","","","","0.00","","","<br />","Atlanta (GA)","Autumn"
"305",1930-11-01,"53","42","31","","","","","","","","","","","","","","","","0.00","","","<br />","Atlanta (GA)","Autumn"
"306",1930-11-02,"55","44","34","","","","","","","","","","","","","","","","0.00","","","<br />","Atlanta (GA)","Autumn"
"307",1930-11-03,"52","44","37","","","","","","","","","","","","","","","","0.00","","","<br />","Atlanta (GA)","Autumn"
"308",1930-11-04,"50","43","36","","","","","","","","","","","","","","","","0.02","","","<br />","Atlanta (GA)","Autumn"
"309",1930-11-05,"60","52","43","","","","","","","","","","","","","","","","0.00","","","<br />","Atlanta (GA)","Autumn"
"310",1930-11-06,"57","48","38","","","","","","","","","","","","","","","","0.00","","","<br />","Atlanta (GA)","Autumn"
"311",1930-11-07,"53","46","38","","","","","","","","","","","","","","","","0.00","","","<br />","Atlanta (GA)","Autumn"
"312",1930-11-08,"60","47","34","","","","","","","","","","","","","","","","0.00","","","<br />","Atlanta (GA)","Autumn"
"313",1930-11-09,"67","57","47","","","","","","","","","","","","","","","","0.00","","","<br />","Atlanta (GA)","Autumn"
"314",1930-11-10,"60","56","53","","","","","","","","","","","","","","","","0.01","","","<br />","Atlanta (GA)","Autumn"
"315",1930-11-11,"55","52","48","","","","","","","","","","","","","","","","0.49","","","<br />","Atlanta (GA)","Autumn"
"316",1930-11-12,"52","50","48","","","","","","","","","","","","","","","","1.38","","","<br />","Atlanta (GA)","Autumn"
"317",1930-11-13,"57","54","52","","","","","","","","","","","","","","","","0.03","","","<br />","Atlanta (GA)","Autumn"
"318",1930-11-14,"58","57","56","","","","","","","","","","","","","","","","0.88","","","<br />","Atlanta (GA)","Autumn"
"319",1930-11-15,"61","58","56","","","","","","","","","","","","","","","","1.53","","","<br />","Atlanta (GA)","Autumn"
"320",1930-11-16,"66","64","61","","","","","","","","","","","","","","","","1.08","","","<br />","Atlanta (GA)","Autumn"
"321",1930-11-17,"67","65","63","","","","","","","","","","","","","","","","0.12","","","<br />","Atlanta (GA)","Autumn"
"322",1930-11-18,"76","70","63","","","","","","","","","","","","","","","","0.00","","","<br />","Atlanta (GA)","Autumn"
"323",1930-11-19,"65","60","56","","","","","","","","","","","","","","","","0.01","","","<br />","Atlanta (GA)","Autumn"
"324",1930-11-20,"56","53","50","","","","","","","","","","","","","","","","0.00","","","<br />","Atlanta (GA)","Autumn"
"325",1930-11-21,"54","51","48","","","","","","","","","","","","","","","","0.00","","","<br />","Atlanta (GA)","Autumn"
"326",1930-11-22,"59","52","46","","","","","","","","","","","","","","","","0.00","","","<br />","Atlanta (GA)","Autumn"
"327",1930-11-23,"57","48","39","","","","","","","","","","","","","","","","0.00","","","<br />","Atlanta (GA)","Autumn"
"328",1930-11-24,"54","44","33","","","","","","","","","","","","","","","","0.00","","","<br />","Atlanta (GA)","Autumn"
"329",1930-11-25,"42","36","30","","","","","","","","","","","","","","","","0.00","","","<br />","Atlanta (GA)","Autumn"
"330",1930-11-26,"41","34","27","","","","","","","","","","","","","","","","0.00","","","<br />","Atlanta (GA)","Autumn"
"331",1930-11-27,"41","32","23","","","","","","","","","","","","","","","","0.00","","","<br />","Atlanta (GA)","Autumn"
"332",1930-11-28,"45","36","28","","","","","","","","","","","","","","","","0.00","","","<br />","Atlanta (GA)","Autumn"
"333",1930-11-29,"51","42","32","","","","","","","","","","","","","","","","0.00","","","<br />","Atlanta (GA)","Autumn"
"334",1930-11-30,"56","50","45","","","","","","","","","","","","","","","","0.39","","","<br />","Atlanta (GA)","Autumn"
"335",1930-12-01,"53","46","39","","","","","","","","","","","","","","","","0.06","","","<br />","Atlanta (GA)","Autumn"
"336",1930-12-02,"48","39","30","","","","","","","","","","","","","","","","0.00","","","<br />","Atlanta (GA)","Autumn"
"337",1930-12-03,"48","38","29","","","","","","","","","","","","","","","","0.00","","","<br />","Atlanta (GA)","Autumn"
"338",1930-12-04,"54","44","35","","","","","","","","","","","","","","","","0.00","","","<br />","Atlanta (GA)","Autumn"
"339",1930-12-05,"47","44","40","","","","","","","","","","","","","","","","1.57","","","<br />","Atlanta (GA)","Autumn"
"340",1930-12-06,"52","48","45","","","","","","","","","","","","","","","","0.02","","","<br />","Atlanta (GA)","Autumn"
"341",1930-12-07,"47","43","39","","","","","","","","","","","","","","","","0.00","","","<br />","Atlanta (GA)","Autumn"
"342",1930-12-08,"49","42","36","","","","","","","","","","","","","","","","0.00","","","<br />","Atlanta (GA)","Autumn"
"343",1930-12-09,"57","46","35","","","","","","","","","","","","","","","","0.00","","","<br />","Atlanta (GA)","Autumn"
"344",1930-12-10,"56","50","44","","","","","","","","","","","","","","","","0.00","","","<br />","Atlanta (GA)","Autumn"
"345",1930-12-11,"55","52","50","","","","","","","","","","","","","","","","0.14","","","<br />","Atlanta (GA)","Autumn"
"346",1930-12-12,"55","48","40","","","","","","","","","","","","","","","","0.00","","","<br />","Atlanta (GA)","Autumn"
"347",1930-12-13,"57","48","39","","","","","","","","","","","","","","","","0.00","","","<br />","Atlanta (GA)","Autumn"
"348",1930-12-14,"49","42","36","","","","","","","","","","","","","","","","0.00","","","<br />","Atlanta (GA)","Autumn"
"349",1930-12-15,"46","40","35","","","","","","","","","","","","","","","","0.05","","","<br />","Atlanta (GA)","Autumn"
"350",1930-12-16,"39","32","26","","","","","","","","","","","","","","","","0.50","","","<br />","Atlanta (GA)","Autumn"
"351",1930-12-17,"33","28","24","","","","","","","","","","","","","","","","0.18","","","<br />","Atlanta (GA)","Autumn"
"352",1930-12-18,"31","30","28","","","","","","","","","","","","","","","","0.00","","","<br />","Atlanta (GA)","Autumn"
"353",1930-12-19,"38","34","30","","","","","","","","","","","","","","","","0.01","","","<br />","Atlanta (GA)","Autumn"
"354",1930-12-20,"44","36","29","","","","","","","","","","","","","","","","0.00","","","<br />","Atlanta (GA)","Autumn"
"355",1930-12-21,"46","41","36","","","","","","","","","","","","","","","","0.00","","","<br />","Atlanta (GA)","Winter"
"356",1930-12-22,"42","36","30","","","","","","","","","","","","","","","","0.00","","","<br />","Atlanta (GA)","Winter"
"357",1930-12-23,"37","30","23","","","","","","","","","","","","","","","","0.00","","","<br />","Atlanta (GA)","Winter"
"358",1930-12-24,"41","33","25","","","","","","","","","","","","","","","","0.00","","","<br />","Atlanta (GA)","Winter"
"359",1930-12-25,"37","34","30","","","","","","","","","","","","","","","","0.13","","","<br />","Atlanta (GA)","Winter"
"360",1930-12-26,"43","38","32","","","","","","","","","","","","","","","","0.80","","","<br />","Atlanta (GA)","Winter"
"361",1930-12-27,"43","38","32","","","","","","","","","","","","","","","","0.00","","","<br />","Atlanta (GA)","Winter"
"362",1930-12-28,"44","39","34","","","","","","","","","","","","","","","","0.00","","","<br />","Atlanta (GA)","Winter"
"363",1930-12-29,"45","39","33","","","","","","","","","","","","","","","","0.00","","","<br />","Atlanta (GA)","Winter"
"364",1930-12-30,"37","33","29","","","","","","","","","","","","","","","","0.00","","","<br />","Atlanta (GA)","Winter"
"365",1930-12-31,"41","34","27","","","","","","","","","","","","","","","","0.00","","","<br />","Atlanta (GA)","Winter"
"367",1931-01-01,"43","36","29","","","","","","","","","","","","","","","","0.00","","","<br />","Atlanta (GA)","Winter"
"368",1931-01-02,"47","39","31","","","","","","","","","","","","","","","","0.00","","","<br />","Atlanta (GA)","Winter"
"369",1931-01-03,"51","45","39","","","","","","","","","","","","","","","","0.00","","","<br />","Atlanta (GA)","Winter"
"370",1931-01-04,"52","47","42","","","","","","","","","","","","","","","","0.01","","","<br />","Atlanta (GA)","Winter"
"371",1931-01-05,"57","48","38","","","","","","","","","","","","","","","","0.81","","","<br />","Atlanta (GA)","Winter"
"372",1931-01-06,"38","36","33","","","","","","","","","","","","","","","","0.00","","","<br />","Atlanta (GA)","Winter"
"373",1931-01-07,"47","38","30","","","","","","","","","","","","","","","","0.13","","","<br />","Atlanta (GA)","Winter"
"374",1931-01-08,"44","40","37","","","","","","","","","","","","","","","","0.43","","","<br />","Atlanta (GA)","Winter"
"375",1931-01-09,"41","38","36","","","","","","","","","","","","","","","","0.00","","","<br />","Atlanta (GA)","Winter"
"376",1931-01-10,"50","42","33","","","","","","","","","","","","","","","","0.00","","","<br />","Atlanta (GA)","Winter"
"377",1931-01-11,"43","40","37","","","","","","","","","","","","","","","","0.25","","","<br />","Atlanta (GA)","Winter"
"378",1931-01-12,"43","39","35","","","","","","","","","","","","","","","","0.71","","","<br />","Atlanta (GA)","Winter"
"379",1931-01-13,"43","36","30","","","","","","","","","","","","","","","","0.00","","","<br />","Atlanta (GA)","Winter"
"380",1931-01-14,"36","28","21","","","","","","","","","","","","","","","","0.01","","","<br />","Atlanta (GA)","Winter"
"381",1931-01-15,"39","28","18","","","","","","","","","","","","","","","","0.00","","","<br />","Atlanta (GA)","Winter"
"382",1931-01-16,"44","36","29","","","","","","","","","","","","","","","","0.00","","","<br />","Atlanta (GA)","Winter"
"383",1931-01-17,"52","44","35","","","","","","","","","","","","","","","","0.04","","","<br />","Atlanta (GA)","Winter"
"384",1931-01-18,"43","42","40","","","","","","","","","","","","","","","","0.21","","","<br />","Atlanta (GA)","Winter"
"385",1931-01-19,"47","40","34","","","","","","","","","","","","","","","","0.01","","","<br />","Atlanta (GA)","Winter"
"386",1931-01-20,"42","36","31","","","","","","","","","","","","","","","","0.00","","","<br />","Atlanta (GA)","Winter"
"387",1931-01-21,"44","36","28","","","","","","","","","","","","","","","","0.00","","","<br />","Atlanta (GA)","Winter"
"388",1931-01-22,"58","44","31","","","","","","","","","","","","","","","","0.00","","","<br />","Atlanta (GA)","Winter"
"389",1931-01-23,"62","53","44","","","","","","","","","","","","","","","","0.00","","","<br />","Atlanta (GA)","Winter"
"390",1931-01-24,"63","54","46","","","","","","","","","","","","","","","","0.00","","","<br />","Atlanta (GA)","Winter"
"391",1931-01-25,"64","55","46","","","","","","","","","","","","","","","","0.00","","","<br />","Atlanta (GA)","Winter"
"392",1931-01-26,"62","55","48","","","","","","","","","","","","","","","","0.00","","","<br />","Atlanta (GA)","Winter"
"393",1931-01-27,"61","54","48","","","","","","","","","","","","","","","","0.00","","","<br />","Atlanta (GA)","Winter"
"394",1931-01-28,"64","56","47","","","","","","","","","","","","","","","","0.00","","","<br />","Atlanta (GA)","Winter"
"395",1931-01-29,"61","52","44","","","","","","","","","","","","","","","","0.00","","","<br />","Atlanta (GA)","Winter"
"396",1931-01-30,"64","51","38","","","","","","","","","","","","","","","","0.00","","","<br />","Atlanta (GA)","Winter"
"397",1931-01-31,"60","54","47","","","","","","","","","","","","","","","","0.00","","","<br />","Atlanta (GA)","Winter"
"398",1931-02-01,"54","46","38","","","","","","","","","","","","","","","","0.00","","","<br />","Atlanta (GA)","Winter"
"399",1931-02-02,"57","48","39","","","","","","","","","","","","","","","","0.00","","","<br />","Atlanta (GA)","Winter"
"400",1931-02-03,"56","48","39","","","","","","","","","","","","","","","","0.00","","","<br />","Atlanta (GA)","Winter"
"401",1931-02-04,"63","52","40","","","","","","","","","","","","","","","","0.00","","","<br />","Atlanta (GA)","Winter"
"402",1931-02-05,"61","48","35","","","","","","","","","","","","","","","","0.00","","","<br />","Atlanta (GA)","Winter"
"403",1931-02-06,"67","56","46","","","","","","","","","","","","","","","","0.00","","","<br />","Atlanta (GA)","Winter"
"404",1931-02-07,"64","58","52","","","","","","","","","","","","","","","","0.00","","","<br />","Atlanta (GA)","Winter"
"405",1931-02-08,"62","58","53","","","","","","","","","","","","","","","","0.02","","","<br />","Atlanta (GA)","Winter"
"406",1931-02-09,"57","46","35","","","","","","","","","","","","","","","","0.15","","","<br />","Atlanta (GA)","Winter"
"407",1931-02-10,"37","32","28","","","","","","","","","","","","","","","","0.00","","","<br />","Atlanta (GA)","Winter"
"408",1931-02-11,"51","38","25","","","","","","","","","","","","","","","","0.00","","","<br />","Atlanta (GA)","Winter"
"409",1931-02-12,"57","48","38","","","","","","","","","","","","","","","","0.00","","","<br />","Atlanta (GA)","Winter"
"410",1931-02-13,"55","48","42","","","","","","","","","","","","","","","","0.64","","","<br />","Atlanta (GA)","Winter"
"411",1931-02-14,"55","43","31","","","","","","","","","","","","","","","","0.17","","","<br />","Atlanta (GA)","Winter"
"412",1931-02-15,"52","38","25","","","","","","","","","","","","","","","","0.00","","","<br />","Atlanta (GA)","Winter"
"413",1931-02-16,"44","41","38","","","","","","","","","","","","","","","","0.29","","","<br />","Atlanta (GA)","Winter"
"414",1931-02-17,"65","54","44","","","","","","","","","","","","","","","","0.08","","","<br />","Atlanta (GA)","Winter"
"415",1931-02-18,"56","49","42","","","","","","","","","","","","","","","","0.00","","","<br />","Atlanta (GA)","Winter"
"416",1931-02-19,"59","48","38","","","","","","","","","","","","","","","","0.00","","","<br />","Atlanta (GA)","Winter"
"417",1931-02-20,"51","44","38","","","","","","","","","","","","","","","","0.04","","","<br />","Atlanta (GA)","Winter"
"418",1931-02-21,"53","42","32","","","","","","","","","","","","","","","","0.00","","","<br />","Atlanta (GA)","Winter"
"419",1931-02-22,"63","48","33","","","","","","","","","","","","","","","","0.00","","","<br />","Atlanta (GA)","Winter"
"420",1931-02-23,"65","58","50","","","","","","","","","","","","","","","","0.00","","","<br />","Atlanta (GA)","Winter"
"421",1931-02-24,"52","50","47","","","","","","","","","","","","","","","","0.67","","","<br />","Atlanta (GA)","Winter"
"422",1931-02-25,"47","43","39","","","","","","","","","","","","","","","","0.02","","","<br />","Atlanta (GA)","Winter"
"423",1931-02-26,"62","50","38","","","","","","","","","","","","","","","","0.00","","","<br />","Atlanta (GA)","Winter"
"424",1931-02-27,"56","50","44","","","","","","","","","","","","","","","","0.00","","","<br />","Atlanta (GA)","Winter"
"425",1931-02-28,"50","47","44","","","","","","","","","","","","","","","","0.32","","","<br />","Atlanta (GA)","Winter"
"426",1931-03-01,"52","48","44","","","","","","","","","","","","","","","","0.00","","","<br />","Atlanta (GA)","Winter"
"427",1931-03-02,"53","47","41","","","","","","","","","","","","","","","","0.00","","","<br />","Atlanta (GA)","Winter"
"428",1931-03-03,"49","40","32","","","","","","","","","","","","","","","","0.00","","","<br />","Atlanta (GA)","Winter"
"429",1931-03-04,"42","36","31","","","","","","","","","","","","","","","","0.00","","","<br />","Atlanta (GA)","Winter"
"430",1931-03-05,"55","42","30","","","","","","","","","","","","","","","","0.00","","","<br />","Atlanta (GA)","Winter"
"431",1931-03-06,"64","54","43","","","","","","","","","","","","","","","","0.00","","","<br />","Atlanta (GA)","Winter"
"432",1931-03-07,"56","48","39","","","","","","","","","","","","","","","","0.57","","","<br />","Atlanta (GA)","Winter"
"433",1931-03-08,"39","36","32","","","","","","","","","","","","","","","","0.00","","","<br />","Atlanta (GA)","Winter"
"434",1931-03-09,"40","35","30","","","","","","","","","","","","","","","","0.00","","","<br />","Atlanta (GA)","Winter"
"435",1931-03-10,"49","39","29","","","","","","","","","","","","","","","","0.00","","","<br />","Atlanta (GA)","Winter"
"436",1931-03-11,"55","45","35","","","","","","","","","","","","","","","","0.00","","","<br />","Atlanta (GA)","Winter"
"437",1931-03-12,"56","45","34","","","","","","","","","","","","","","","","0.00","","","<br />","Atlanta (GA)","Winter"
"438",1931-03-13,"68","56","43","","","","","","","","","","","","","","","","0.00","","","<br />","Atlanta (GA)","Winter"
"439",1931-03-14,"65","58","52","","","","","","","","","","","","","","","","0.01","","","<br />","Atlanta (GA)","Winter"
"440",1931-03-15,"58","50","42","","","","","","","","","","","","","","","","0.00","","","<br />","Atlanta (GA)","Winter"
"441",1931-03-16,"49","42","34","","","","","","","","","","","","","","","","0.00","","","<br />","Atlanta (GA)","Winter"
"442",1931-03-17,"54","43","32","","","","","","","","","","","","","","","","0.00","","","<br />","Atlanta (GA)","Winter"
"443",1931-03-18,"62","50","37","","","","","","","","","","","","","","","","0.00","","","<br />","Atlanta (GA)","Winter"
"444",1931-03-19,"65","54","43","","","","","","","","","","","","","","","","0.00","","","<br />","Atlanta (GA)","Winter"
"445",1931-03-20,"61","48","35","","","","","","","","","","","","","","","","0.00","","","<br />","Atlanta (GA)","Spring"
"446",1931-03-21,"52","44","37","","","","","","","","","","","","","","","","0.66","","","<br />","Atlanta (GA)","Spring"
"447",1931-03-22,"47","42","37","","","","","","","","","","","","","","","","0.04","","","<br />","Atlanta (GA)","Spring"
"448",1931-03-23,"63","50","37","","","","","","","","","","","","","","","","0.00","","","<br />","Atlanta (GA)","Spring"
"449",1931-03-24,"66","57","48","","","","","","","","","","","","","","","","0.09","","","<br />","Atlanta (GA)","Spring"
"450",1931-03-25,"58","50","43","","","","","","","","","","","","","","","","0.00","","","<br />","Atlanta (GA)","Spring"
"451",1931-03-26,"62","50","37","","","","","","","","","","","","","","","","0.01","","","<br />","Atlanta (GA)","Spring"
"452",1931-03-27,"57","51","45","","","","","","","","","","","","","","","","0.56","","","<br />","Atlanta (GA)","Spring"
"453",1931-03-28,"58","49","40","","","","","","","","","","","","","","","","0.23","","","<br />","Atlanta (GA)","Spring"
"454",1931-03-29,"49","43","37","","","","","","","","","","","","","","","","0.00","","","<br />","Atlanta (GA)","Spring"
"455",1931-03-30,"61","48","35","","","","","","","","","","","","","","","","0.00","","","<br />","Atlanta (GA)","Spring"
"456",1931-03-31,"51","47","43","","","","","","","","","","","","","","","","1.29","","","<br />","Atlanta (GA)","Spring"
"457",1931-04-01,"43","40","38","","","","","","","","","","","","","","","","0.03","","","<br />","Atlanta (GA)","Spring"
"458",1931-04-02,"65","52","38","","","","","","","","","","","","","","","","0.00","","","<br />","Atlanta (GA)","Spring"
"459",1931-04-03,"73","62","52","","","","","","","","","","","","","","","","0.05","","","<br />","Atlanta (GA)","Spring"
"460",1931-04-04,"65","56","46","","","","","","","","","","","","","","","","0.50","","","<br />","Atlanta (GA)","Spring"
"461",1931-04-05,"53","48","43","","","","","","","","","","","","","","","","0.04","","","<br />","Atlanta (GA)","Spring"
"462",1931-04-06,"52","46","40","","","","","","","","","","","","","","","","0.00","","","<br />","Atlanta (GA)","Spring"
"463",1931-04-07,"62","51","40","","","","","","","","","","","","","","","","0.00","","","<br />","Atlanta (GA)","Spring"
"464",1931-04-08,"75","63","51","","","","","","","","","","","","","","","","0.00","","","<br />","Atlanta (GA)","Spring"
"465",1931-04-09,"77","65","53","","","","","","","","","","","","","","","","0.00","","","<br />","Atlanta (GA)","Spring"
"466",1931-04-10,"71","62","54","","","","","","","","","","","","","","","","0.03","","","<br />","Atlanta (GA)","Spring"
"467",1931-04-11,"67","60","53","","","","","","","","","","","","","","","","0.32","","","<br />","Atlanta (GA)","Spring"
"468",1931-04-12,"72","61","50","","","","","","","","","","","","","","","","0.00","","","<br />","Atlanta (GA)","Spring"
"469",1931-04-13,"73","62","52","","","","","","","","","","","","","","","","0.00","","","<br />","Atlanta (GA)","Spring"
"470",1931-04-14,"76","66","56","","","","","","","","","","","","","","","","0.00","","","<br />","Atlanta (GA)","Spring"
"471",1931-04-15,"75","67","59","","","","","","","","","","","","","","","","0.00","","","<br />","Atlanta (GA)","Spring"
"472",1931-04-16,"79","69","59","","","","","","","","","","","","","","","","0.00","","","<br />","Atlanta (GA)","Spr